ID,source_attractiveness
0,0.404588209926053
1,0.04569216810073151
2,0.4148708056021412
3,0.448280291017495
4,0.2105400820237284
5,0.06280034085030098
6,0.14969033506207324
7,0.021203186281717162
8,0.08289268384927466
9,0.039188805896772205
10,0.027558338677093272
11,0.354075175904733
12,0.011520869316912596
13,-0.004858683581228929
14,0.2512782054515176
15,0.1503442518157817
16,0.042448117664566035
17,0.016898404610796974
18,0.15186980293058375
19,-0.0527515584374217
20,0.16862213995797465
21,0.29091618460564656
22,0.11962528273857473
23,0.3223741303646483
24,0.2000001659004237
25,0.22430798219259945
26,0.30975921292269193
27,0.09922304884214977
28,0.13379915548066884
29,0.18695537886908453
30,0.2039723611563764
31,0.0677054882678649
32,0.11085961485242826
33,0.011172828024525891
34,0.15163444661713638
35,0.4643391989367741
36,0.01007130865407066
37,-0.02616854852033107
38,0.26148390255284876
39,-0.023954111546411555
40,0.418747547906805
41,0.1598253251254491
42,-0.08186268114713269
43,0.008441943311575079
44,0.3469331296273082
45,-0.0665203611762849
46,0.0015097698390567627
47,0.020083350170412212
48,0.012737877980196405
49,0.03912553655827597
50,-0.04555219864818337
51,0.03791627575514643
52,0.23599797269345557
53,-0.009561021125854413
54,0.38728893685934535
55,-0.06483581653211895
56,0.2412635570384512
57,0.19010645861565612
58,0.0042871942535613605
59,0.09588065049350455
60,0.125285441750431
61,0.09581344106680173
62,0.2130571451964154
63,0.17188226129155404
64,0.0838788285053252
65,0.16530917067599515
66,-0.012023013045722689
67,0.04128770382891293
68,0.3010778839161598
69,0.38071073405284983
70,0.12939913575501388
71,0.024554893369670164
72,0.021006662800476278
73,0.07019047581560778
74,-0.01974620903633839
75,-0.002337862599859769
76,-0.01697517342783403
77,0.15755487385626135
78,-0.1533813989032879
79,0.21339409213511795
80,0.03855106738388245
81,0.2049115024370632
82,0.31596075479918495
83,0.2106442516212595
84,0.0022175866282684448
85,0.13509813968781226
86,0.8158123147923247
87,0.27983005789400606
88,-0.039594456219762514
89,-0.11068835894525417
90,0.26201815972513876
91,0.004833857045569434
92,0.7398622365526877
93,0.23906435608181242
94,0.20046774378166607
95,0.03304110625503241
96,0.25507771510418814
97,0.09636813891106638
98,0.12254931494826443
99,0.41479696578254693
100,0.2639137159510685
101,0.03311216375674378
102,0.06382533362073675
103,0.04667469105646968
104,-0.027003600522600674
105,0.05551235710164179
106,0.2166292317671649
107,0.025084422868520292
108,0.14014730523452276
109,0.07668776318243314
110,0.19896895849217183
111,0.19884189796332136
112,0.19959858826983154
113,0.3818061732824956
114,0.11552865050736538
115,0.5037442751323148
116,0.23793748091675693
117,0.2762659610172294
118,0.6190371019747721
119,-0.010672280417655305
120,0.20325281396143563
121,0.1787326928264123
122,0.40262707042860335
123,0.4005988736664977
124,0.012603009988034264
125,0.04769049073215771
126,0.15262603239562897
127,0.035016615506746604
128,0.25879027533394583
129,0.1823551690650801
130,0.10403407019274982
131,0.14409626407150797
132,0.3881960974056845
133,-0.02914106858432136
134,-0.05298900656145647
135,0.12712745412619136
136,0.15388949484194087
137,0.04674834980474596
138,0.039548183931607445
139,0.05261497114389682
140,0.06313035323970961
141,0.03907807071513232
142,0.007804569877498779
143,0.17646816829677262
144,0.17061646177893203
145,-0.012588069869145846
146,0.1344165898140837
147,0.06685193917834306
148,0.0005453832318731422
149,0.05434641494594296
150,0.27048273941609274
151,0.02784162850013973
152,0.1444137032995861
153,-0.02062681694937285
154,0.257116164173398
155,0.09625700825643846
156,0.402597577315377
157,0.5082023979133449
158,0.04190229884180688
159,0.18716616376357426
160,0.26006669640510754
161,-0.03926645227457101
162,-0.01247206136880219
163,0.005203333107967806
164,0.46693319870200634
165,0.027341552332767527
166,0.017085214629737805
167,0.12948975867072124
168,0.07395624820457164
169,0.026600407009034682
170,0.07205981042835287
171,0.4717953741250148
172,0.0006874442125882202
173,0.22809916804386332
174,-0.0014546935524770016
175,0.052045082725131114
176,0.0864320583274744
177,0.16220432692820766
178,0.10146604814432658
179,0.319595941452349
180,0.2896572338662676
181,-0.029302327677601117
182,0.027116848024261363
183,-0.02829008702961884
184,-0.02397382673032064
185,0.08859767820999614
186,0.37295079807835896
187,0.10785812090960073
188,0.04261746567221225
189,-0.18841136990755344
190,0.12483289796693797
191,0.0007566563879241595
192,0.10641466250770448
193,-0.01918520976328142
194,0.08001510572217813
195,-0.023985874909396132
196,0.1776809369784598
197,0.10733911468188695
198,0.04186696406847387
199,-0.005614545482405003
200,0.37015976136481143
201,0.38210149364093193
202,0.010122316486071883
203,0.4183743285735937
204,0.2493248988981437
205,0.2500526237391291
206,0.24079357627723397
207,0.2436071440911507
208,0.0218114840090273
209,0.11261445539948303
210,0.01628189970759135
211,0.2388926657059957
212,0.1248394261656546
213,0.15393916277832864
214,0.22710959610573267
215,0.24031953657303978
216,0.09317657375440136
217,0.11780245791691493
218,-0.03557036419702794
219,0.19354233408359955
220,0.021071529356153473
221,0.21505681686495984
222,0.23488911787327615
223,0.015881438211036658
224,0.06033033893644954
225,0.19051769777026087
226,0.10135409865640047
227,0.09638918949300812
228,0.22066173878123918
229,-0.034959077367186064
230,0.03858195850908372
231,-0.09173270557079147
232,0.09573641945435785
233,-0.07912406160959808
234,0.08535672895830869
235,0.2691230033024351
236,0.10863419210439001
237,0.4877999424330932
238,-0.013897137728355602
239,0.07784817710183564
240,0.22914551235812264
241,0.213254177622602
242,-0.032487810000264045
243,0.16921499416654728
244,0.2000334451396456
245,-0.04988556209812073
246,0.3765041743286618
247,0.1378844193981304
248,0.012372077881793342
249,0.0011663767108161943
250,0.004374286613208572
251,0.5174608613617514
252,0.06996344567125581
253,0.5803874463664028
254,0.19107874374512582
255,0.04379003519991742
256,-0.02273217475658651
257,0.07783148214285981
258,0.07165697785944938
259,-0.007022152838498302
260,0.13613832781901236
261,0.07154429654007652
262,0.3269518625370104
263,0.19508721790637482
264,0.1781858716299989
265,0.24649335583410908
266,-0.041150382725239826
267,0.10661656645755774
268,0.003117534956823015
269,0.4485784462609546
270,0.07643341693853486
271,0.18004814708669442
272,0.6479798789487222
273,0.050444229282716066
274,0.03930896620487537
275,0.016523176659251793
276,0.3067531432097134
277,0.21778741228084292
278,0.4875027637659003
279,0.04499223720159275
280,-0.029151666444838464
281,-0.06866443360194059
282,0.02974174458058064
283,0.3511987469831692
284,0.031648562401573294
285,0.21601229888697418
286,0.09247837802173509
287,-0.012720048843320675
288,0.11958358487589485
289,0.20842860981819916
290,-0.02261237526198484
291,0.43814162294873993
292,-0.07630549316912431
293,0.286807367064806
294,0.25592911878760305
295,0.12745454039909668
296,-0.013113048173409345
297,0.18458500242090276
298,0.5117546386008343
299,0.10887014118093263
300,0.5385790209020509
301,0.6827691378686416
302,0.07041051299629049
303,0.07370974777003769
304,0.16125655999560454
305,0.27115671994184587
306,0.12918272966749803
307,0.21906114962892254
308,0.1993188086630327
309,0.03235806211584619
310,-0.034100276117118425
311,0.12403602966862187
312,0.053381422817916
313,0.09696946175140847
314,0.26818128980370215
315,0.30212084455448307
316,0.13838008989777306
317,0.5410468023338451
318,0.2049680820362782
319,0.0329802218284416
320,0.12037491748919388
321,0.029514111855266992
322,-0.008163459773916679
323,0.1389255183847771
324,0.13549190904810138
325,0.22205321768086161
326,-0.0724283922081906
327,0.06722905228120182
328,-0.09066646415558632
329,0.1490533355681447
330,0.5792698544888025
331,0.04921349394978214
332,0.13716208183958156
333,0.02002371671629606
334,-0.04440372084630953
335,-0.02366078080903994
336,-0.027784212134039032
337,0.11243765610522227
338,0.0314441034784155
339,0.05985947728144854
340,0.5140873966468478
341,0.19429709398521933
342,0.2744104662665372
343,0.04974689961703571
344,0.054624213486242496
345,-0.042773488335967225
346,0.2840123051852276
347,-0.0037139559590357585
348,0.17732744706023668
349,0.2862161379209553
350,0.07790748885645371
351,0.4626455889253163
352,0.01093324838363624
353,0.09366483574814002
354,0.10198745286113656
355,0.032321473711547505
356,0.27175638276318465
357,0.025915165555093045
358,0.03783565871034031
359,0.06563363468436467
360,0.04804157203693803
361,0.1810579034263635
362,0.34417621433972995
363,0.0471286879028954
364,0.14795807252628043
365,0.09425978174604331
366,0.02390985722398012
367,-0.005683305870651745
368,-0.012448581813401555
369,0.09250863435153618
370,0.164266347062642
371,0.32615077237244183
372,0.1448338947001451
373,0.25473886621081016
374,0.014519317433043355
375,0.320851581260309
376,0.07964696659512502
377,0.1503938193918741
378,0.03259652978876222
379,0.004528353352429515
380,0.13677585411390214
381,-0.009357121583378064
382,0.23501687131548277
383,0.19519048892423796
384,0.44615747853405396
385,0.15736428594232632
386,0.2230394072781567
387,-0.0003040148788577418
388,0.016626300739236377
389,0.07461625957369758
390,0.380083756150994
391,0.6223718617411148
392,0.6485621109450737
393,0.14161807123648615
394,0.15140008105046032
395,0.16767069724816666
396,0.4735174360719371
397,0.20000648212082367
398,0.014380881830743097
399,-0.05663150262822858
400,0.49825830751386735
401,-0.03612284571729432
402,0.010905975805611423
403,-0.019353067367709142
404,0.10611076131660227
405,0.21031868608250914
406,0.055469887792572864
407,-0.020448455458871875
408,-0.008135420281578987
409,-0.024087411285267535
410,0.0069621701960767
411,0.13039762752134287
412,-0.01949280493194816
413,0.054641012949259646
414,0.5668879145781075
415,0.04739010098238193
416,0.001501446364674336
417,0.6437518744018531
418,-0.00330079210966272
419,-0.0004814789680372966
420,-0.038491164058043204
421,0.08272033473856663
422,0.22032023177676613
423,0.04550324808000911
424,-0.011952859480432093
425,-0.01024474609943607
426,0.29825801996008444
427,0.18125599403116827
428,-0.014899977886600746
429,0.041178808083731644
430,0.23411875089987105
431,-0.003904583630427713
432,0.16757085251312237
433,0.05556783614971911
434,-0.012080700184400134
435,0.10924848590930705
436,-0.04231532433951646
437,0.0944319522263434
438,-0.011043697867529179
439,0.059635162819170806
440,0.2708982492127574
441,0.19428491763192984
442,-0.011869870701937138
443,0.02608745791403616
444,0.37458486636620203
445,0.1611630815076321
446,0.3044401552314948
447,-0.03849694494462107
448,0.005256855455486542
449,0.2606073235853838
450,0.036980833362412285
451,0.6409198035896373
452,0.1019575423996959
453,0.0600785753955138
454,0.07590506923419349
455,0.44529086822142333
456,0.04634729111077575
457,0.04686144536719887
458,0.1397447361838897
459,0.049010935790787996
460,0.006366508191231246
461,0.08360555650369346
462,0.02123035405854269
463,0.12233077452072069
464,-0.012582802379306118
465,-0.024229954171242546
466,0.17982553430326345
467,0.007127015843124723
468,0.33824760720188923
469,0.022169010089496163
470,-0.04569593669838812
471,0.09271377231015719
472,0.19892983184141308
473,0.07876207163748579
474,0.033292237913361014
475,0.07875542415978172
476,0.1129071162840884
477,0.22046139849205515
478,0.55021018991335
479,-0.03275384335910686
480,0.2696827362549334
481,0.25717850554433275
482,0.04206718370799484
483,-0.051453823692019396
484,0.286653821399015
485,0.09097787798922957
486,0.06711842550557245
487,0.08611415387443677
488,0.04396009495103988
489,0.01218006149381419
490,0.008670170917308123
491,0.11602959773227903
492,0.1827872095174358
493,0.20852922587748207
494,0.23212042156010027
495,0.59956768483081
496,0.48985475176542304
497,0.12624581860803566
498,0.13333554704789075
499,0.543852324433373
500,0.07120801516896
501,-0.002308006406710486
502,-0.01644558970494625
503,0.024181979288657854
504,0.295019017204254
505,0.005737302928652682
506,0.49757835546891793
507,0.04422662583293885
508,0.11898229305267921
509,0.23307269248058482
510,0.16088087672869505
511,0.04012414799265181
512,0.09234668860852445
513,0.1415796338882237
514,0.009597715522759731
515,0.16710590648719326
516,0.019124667043781546
517,0.0905386828273428
518,0.1802576158925523
519,0.2192460350020447
520,0.4152770630410535
521,0.11563310263250595
522,0.3541277721660219
523,0.1483397992576627
524,0.16643964354360072
525,0.06482416006542263
526,0.007118836400652445
527,0.11621127892052349
528,0.0664977727776043
529,0.05250026894455079
530,0.03193123270687449
531,0.10359488234923259
532,0.010185378868224015
533,0.0068800182493728435
534,0.16579520646835832
535,0.057669683461383806
536,-0.01866749063353859
537,0.2891308230256059
538,-0.01956603944136666
539,0.2676431289607447
540,0.1815367337131759
541,0.039125443030073995
542,0.0568653923883171
543,0.07573549644203702
544,0.23930444016105878
545,0.1319101643911466
546,0.13191849588901133
547,0.19365262008526363
548,0.24835789574471845
549,0.05419039425525313
550,0.62158017890517
551,0.13853451904812558
552,0.22141762634751833
553,0.0862482308958646
554,0.08903148025007886
555,0.3049963770080127
556,0.01592741866718156
557,-0.07667752440255123
558,0.4176880383159113
559,0.03146796020747328
560,0.20513212794108188
561,-0.031624021312319506
562,0.01652049742533586
563,0.034123160488680415
564,0.10380502246863785
565,0.19725001996955954
566,0.16029023965197545
567,0.36091864447358457
568,0.0926288277028498
569,-0.026481196863835654
570,0.09405227404571517
571,-0.04446811578427834
572,-0.029630624304567116
573,-0.07960853406177675
574,0.04765520971297482
575,-0.06427673110994876
576,0.19043376701420706
577,0.022247162467382786
578,-0.14251042254753873
579,0.316909119348197
580,0.2638760923210973
581,0.20512637264888245
582,0.1575662138440196
583,0.22914677366896075
584,0.014537632998392891
585,0.2657166737025216
586,0.3566978401540838
587,0.15582836486186816
588,0.26132951475748756
589,0.12489265808168526
590,-0.02162187507377103
591,0.22882006837767882
592,0.1484950379443632
593,0.1452541735308748
594,0.2587133339074608
595,0.14658708210254298
596,-0.03208668447008703
597,0.2953048283363047
598,0.09992353562470022
599,0.5188229917126359
600,0.12670730514487913
601,0.40671477508025905
602,0.34403210209271906
603,0.06114784540086707
604,0.13920153093465457
605,0.17757736214428738
606,0.46107692865988853
607,-0.02264910797382877
608,0.13550284463317924
609,0.14215064963896054
610,0.47231625781888065
611,0.2377180863699881
612,0.07935089718386067
613,0.16362378593651955
614,0.3922916969424061
615,0.23859344844252273
616,-0.002953313806195984
617,0.08595293541795143
618,0.4900151271984359
619,0.11620163369932457
620,0.2710392118324533
621,0.13988883649302675
622,0.0404746377836047
623,0.0752808626925187
624,0.19049507360402246
625,0.3191001071008116
626,0.13671550387323694
627,0.11859498949804786
628,-0.010760808202320893
629,-0.04625023720360133
630,0.016410545905438792
631,-0.027970112938022595
632,0.0555334854080658
633,0.26619420966744045
634,0.10193360611839922
635,0.09085329319158064
636,0.18840894156632162
637,0.10403347799409088
638,0.01891662923767777
639,0.33123870135491446
640,0.03223285105440618
641,0.13775383281520653
642,0.13781675423038475
643,0.29518852872103263
644,0.037043931466137284
645,0.16401207764793932
646,-0.023738798961876362
647,0.16863253010844664
648,0.1729188844143813
649,0.2884723824742743
650,0.10289582906327516
651,-0.1611102012491711
652,0.32457197041895947
653,0.18735931869313888
654,0.02171912634306203
655,0.1438565430080527
656,-0.016929400117785223
657,-0.13200820072283542
658,0.2734627014226894
659,0.0720281541945018
660,0.08379891665225424
661,0.17159002933710063
662,0.04650810324163712
663,0.35988283525988385
664,0.4397754640378889
665,0.12058941455027594
666,0.24219541760478197
667,0.14469228811559293
668,0.04355865021096572
669,0.05612958388675374
670,0.2409188304261971
671,0.03628423666621833
672,0.24290558375242371
673,0.10586578755457149
674,0.03230376608329166
675,-0.1692057241813473
676,0.17756906712384984
677,-0.03860122128143359
678,0.1303492196060023
679,0.31485800280674997
680,0.3783716141466711
681,-0.0027982527192759454
682,0.17359527174710976
683,0.21951977977054282
684,0.21123699977250424
685,0.1341554196701598
686,0.43790353291430967
687,0.17336389877129713
688,-0.004791516593124087
689,0.1642783662250475
690,0.15324651407956594
691,0.08496341243231591
692,-0.06316495221066945
693,-0.012476550039337037
694,0.1887355353499296
695,0.014463807743699188
696,0.05817407101639557
697,0.1638949117230534
698,0.05704055469278299
699,-0.06821159876934343
700,0.6231164765207312
701,0.15091078025750607
702,-0.0693026458809155
703,0.3034266272442962
704,0.007158359895229116
705,0.10070257833496754
706,0.10488499820448127
707,0.09506464384004393
708,-0.0022341342463129965
709,0.5940536710993388
710,0.02919925452862778
711,0.22265031535164248
712,-0.007516810193709533
713,0.1640028998939017
714,0.013422635082228102
715,0.26674152251815136
716,0.33463612365783996
717,0.20876488387685482
718,-0.046337198001039456
719,-0.03047270087852036
720,0.09108686258886833
721,0.023359829902329543
722,0.1899463765635508
723,0.16925403345370393
724,0.04009248907738097
725,0.041507869472057465
726,0.04988027115420787
727,0.12683907158558025
728,0.5731852655685756
729,0.34982724795749015
730,0.27804200214115243
731,0.18528184476314555
732,-0.013775699622778276
733,-0.0281564010578097
734,0.004662012243268371
735,0.1840516241267758
736,0.03824485532479685
737,0.20149358054807104
738,-0.009121953532605587
739,0.20030824520406187
740,-0.0043539073085482605
741,0.20130261964132745
742,0.1829881852700917
743,-0.0072244145424034956
744,-0.11992324463673108
745,0.2581152408754604
746,0.6019915084103995
747,0.09050279369448497
748,0.09494513888516647
749,0.12014980400061065
750,0.1908119995628536
751,0.1818504343086103
752,0.25506713190026903
753,0.15069404840513695
754,0.41675057123494186
755,-0.006223681595325881
756,0.3515417243500512
757,-0.014441794265697
758,0.335897361988928
759,0.04718291925758919
760,0.12594251192409422
761,0.0626249676528896
762,0.1290239975549383
763,-0.06366399611498422
764,0.04505682654185694
765,0.02318548433240028
766,0.2611552535682866
767,0.013479096795742662
768,0.20562691833459681
769,0.28973158382267816
770,0.17823871933197008
771,0.0445650060227772
772,-0.039442122960813786
773,-0.05495784177703315
774,0.09985847751707402
775,0.10901380210999759
776,0.3128175611485879
777,0.3414436779986163
778,0.05472317291279516
779,0.1786981613437206
780,-0.008461669964821894
781,0.08203376019652428
782,-0.06739703790244378
783,0.07902841493835303
784,0.14714081032661405
785,-0.16933810269461524
786,0.18737999548591194
787,0.45566720803449134
788,0.24515309170192728
789,-0.026196662800411274
790,0.24869223115757888
791,0.5876662728657318
792,0.009869218497744997
793,0.04111773869902191
794,0.3789575864858405
795,0.05455315211900824
796,0.35048914033049094
797,0.16941958377463692
798,0.05641080061831416
799,0.2539578211213098
800,0.16932387985644323
801,0.08519154834391914
802,0.3368224852143122
803,0.34535189157327895
804,0.18619624420361428
805,0.05601928701026446
806,-0.0493682236338852
807,-0.02894938088931226
808,0.11705994340846354
809,0.012135238933291645
810,0.03645441218897513
811,0.16191690567540945
812,0.04364524928274127
813,0.05508565035035862
814,0.11737811304388984
815,0.18546162607691635
816,0.15350887909353203
817,-0.10001084952380992
818,0.2910473261122642
819,-0.00720346071321093
820,0.21222902424834492
821,-0.02899175319263736
822,0.03936771213821849
823,-0.024359632645043157
824,0.11557610544377983
825,-0.002129959683733057
826,-0.012635486888032177
827,0.14550715678351145
828,0.12238974739600508
829,0.23040099535595937
830,0.09557771061885523
831,0.17483715933178956
832,-0.007384950603838536
833,0.023009296259808104
834,0.5124388855568393
835,0.07858406404852465
836,0.032989059211549876
837,-0.08341608021240403
838,0.32396051845640095
839,0.09226342185460887
840,0.09927591384438378
841,0.0022244846183290604
842,0.43614325100441154
843,0.27984662132782867
844,0.24844437314159584
845,0.21674848784634596
846,-0.021907554794892425
847,0.05327493916679324
848,-0.019601617913158065
849,-0.00535944902121821
850,0.3512232565641308
851,0.15195345245078806
852,-0.03820786022138792
853,0.1760654781369032
854,0.15924636194293257
855,-0.009689031063696008
856,0.15952670526044713
857,0.40708353273540676
858,0.3002250711293699
859,0.283921832738662
860,0.1250637447981334
861,0.10578844726698616
862,0.46824550237261225
863,0.2719462344531047
864,-0.010677523226969798
865,0.15830584794357014
866,0.08210082370793163
867,0.49462891057019553
868,0.16006654263752826
869,0.28262500071622426
870,0.07345752980568299
871,0.03605791192616867
872,0.11673594232227841
873,0.05544848508619585
874,0.24418537354725633
875,0.34427545869980986
876,0.10159677923217503
877,-0.12492789616205183
878,0.14712463903582546
879,0.16240559416828126
880,0.0761116231285542
881,0.08515444103806322
882,0.009600405175431953
883,0.32292611124310905
884,0.024551702193903735
885,0.4311419016692294
886,0.2798265407102546
887,0.04000734580906677
888,0.15226103229165122
889,0.6290065016978079
890,0.2911774092577849
891,-0.007195039944422749
892,0.6540802342953412
893,-0.0005899944242896971
894,0.14613574548441605
895,0.1516850370997162
896,0.10081529644746234
897,0.13644299051530628
898,0.04630686605598491
899,0.037815665380728475
900,0.026703237911485656
901,0.15079330749034564
902,-0.0374212905258165
903,0.1232147686920334
904,0.095955973705275
905,-0.041105915935534254
906,0.14335800887769437
907,0.01764459317635461
908,0.2950334289397525
909,0.32863688080773296
910,-0.009478819644994446
911,0.0320086888325116
912,0.14668551957924944
913,0.11948761049078455
914,0.09522207992412193
915,0.07427451820260993
916,0.09455483822701588
917,0.004632619881462713
918,0.5201178857902706
919,0.08144534914714582
920,0.020073088542414644
921,0.032807781791513876
922,0.29555356635378505
923,-0.09737744558459391
924,-0.044317077530576704
925,0.7301308856234999
926,0.06579615189987795
927,-0.02141931425646778
928,0.08686900260952347
929,0.13557870750574147
930,0.11850994755565955
931,0.2888203396451471
932,0.001560764807993345
933,0.17403709741250778
934,0.37164554422203433
935,0.35799595248752336
936,0.6126435756806974
937,0.056001299549780434
938,0.6550776905713571
939,0.1635800273640744
940,0.008760527879390606
941,-0.001428090676452387
942,0.125092746787842
943,0.39603287998032366
944,0.33755124087541405
945,0.35606682422255903
946,0.025930481481149924
947,0.10712012537926319
948,0.03959763232158106
949,0.32644944538781195
950,0.16717359265147366
951,0.32273797555027184
952,0.09026484846343058
953,-0.028256216031358222
954,0.22374136015081147
955,0.09167556586638256
956,-0.1726325400084752
957,0.5451564324049998
958,0.08889596828034893
959,-0.0585058259494077
960,-0.0013323228069125337
961,0.10098078103789118
962,0.04796416434274203
963,0.1734767670710614
964,0.3421007797586303
965,0.23679717848313664
966,0.28093456939366257
967,-0.14351239209812977
968,0.3177724301164558
969,0.03485682792772904
970,-0.000272604592780501
971,0.21633767503049597
972,0.2053356732186006
973,0.08592689355925442
974,-7.16212749560241e-05
975,0.07489226464154587
976,0.056007146355928614
977,0.5758694408779722
978,0.08491449463053583
979,0.47901664507873953
980,0.005728029035094201
981,0.27350963272283363
982,-0.035226697308347266
983,-0.06310100984816291
984,0.2653801290461987
985,0.21054987634222116
986,0.2025002645919018
987,0.05020558535601098
988,0.5281318155051533
989,0.4827842667139103
990,-0.03810384691574353
991,0.005424388678926043
992,0.06787441607822806
993,-0.018082445247822376
994,-0.00784669682302136
995,0.10489901144426811
996,0.19497573984721037
997,0.4373389379005578
998,0.014522616994216891
999,0.053741805490429506
1000,0.16888358283698246
1001,0.19045184263079953
1002,0.21071053040349752
1003,0.09976940297036535
1004,0.1912499208762408
1005,0.2702464149666218
1006,0.019282744834334467
1007,-0.011608893344735
1008,-0.008897189527321714
1009,-0.001706325580440135
1010,-0.019472646267828173
1011,0.13100481256127514
1012,-0.043123795161379264
1013,0.4500917851220384
1014,0.2060262998766459
1015,0.2661691049430913
1016,0.007338385783108248
1017,0.2421287644122213
1018,0.45630253779078467
1019,0.1316914604464369
1020,0.23418515978739907
1021,0.008555533440252922
1022,0.16270706061226742
1023,0.1399876509392217
1024,0.032689190055210066
1025,0.14002236970067708
1026,0.14698100290974242
1027,0.5542191077363146
1028,0.09839022443424716
1029,0.10654809935642909
1030,0.0445047008925816
1031,0.03414996887488192
1032,-0.055155958921644335
1033,0.5870445311478343
1034,-0.00932219626533351
1035,0.20986172624519228
1036,0.12369702890174841
1037,0.031195639852045765
1038,0.14099111590168562
1039,0.21835690465814378
1040,0.13590671635970691
1041,0.24077840633240588
1042,0.024128436943755924
1043,0.8237935875967645
1044,0.006819993172192146
1045,0.02273934455377627
1046,0.26962358056945
1047,-0.01657844760801533
1048,-0.013548908904293555
1049,0.3404612844518997
1050,0.06594867842491764
1051,0.4063351542228015
1052,0.03239002782051913
1053,0.3507867467538132
1054,0.016030005665925023
1055,-0.0026557320217465152
1056,0.46615253683518254
1057,0.28933051462138315
1058,0.008215257011773044
1059,0.12289593050397757
1060,0.38548090652287315
1061,0.06365128309317546
1062,-0.022093093315923927
1063,0.20435177330760101
1064,0.6607500858306848
1065,0.141110053050893
1066,-0.10898112488768068
1067,0.008535633746365928
1068,0.10552409021596504
1069,0.17424002727746807
1070,0.08261638736513373
1071,0.25780359006136605
1072,0.028170581507762638
1073,0.16121666217119374
1074,0.13560816956986083
1075,-0.03847188845684829
1076,0.20376965467982594
1077,0.03457502145838812
1078,0.24589678722835884
1079,0.029725648787215453
1080,0.1693331107633748
1081,0.02313856716006371
1082,0.23742878221422414
1083,0.11839005858715057
1084,-0.019257457768614344
1085,0.3024880535535846
1086,0.02606091172610303
1087,0.2086782840311343
1088,0.19135109361268052
1089,0.2538824012218638
1090,0.16425599351202141
1091,0.1725547794968033
1092,0.03208957664923914
1093,0.10061094728077855
1094,0.21978539770467428
1095,0.049048568398004255
1096,0.06174391468293913
1097,0.12655973346737498
1098,0.08963123129008185
1099,0.1133811944390562
1100,0.10859486490405285
1101,-0.01916546549562345
1102,0.03523729729246444
1103,0.08945688762863455
1104,0.26740954206093887
1105,-0.021304402028205466
1106,0.04809026522447024
1107,0.03905396053729096
1108,0.015514337082216612
1109,-0.05758789743176268
1110,0.5780811660642775
1111,0.15816027411180902
1112,0.02984271863332716
1113,0.5869834888260133
1114,0.14500368540397784
1115,-0.16764598716924606
1116,-0.055608154010232405
1117,0.09870514513831902
1118,0.07256107383219818
1119,0.011455885489528472
1120,0.08081974108339926
1121,0.031630392767277665
1122,0.05391003673824278
1123,0.18283028610486474
1124,-0.0361848985654815
1125,0.3057297925663395
1126,0.31348500975969634
1127,0.1714647579156626
1128,0.14755406573336044
1129,0.045713682977285355
1130,0.2065754442723721
1131,0.07738819149640626
1132,0.13790940950909275
1133,0.03217505467004114
1134,0.38251043624616105
1135,0.09718799945628226
1136,0.1820363687399495
1137,0.0773803422515534
1138,0.451369187504757
1139,-0.02126563440350039
1140,-0.021210526806042462
1141,0.2317726782461702
1142,0.11341552718443595
1143,-0.057015196314342806
1144,0.1158331241952433
1145,0.23529724585798084
1146,0.18354104822189268
1147,0.16142227237554585
1148,0.22072101169912228
1149,0.13133667756343037
1150,0.5858306587427877
1151,-0.01581734942830651
1152,0.20791626410946298
1153,0.03152400793321003
1154,0.10431157480901365
1155,-0.14235220161382367
1156,0.40713267464776826
1157,0.40159390632640124
1158,-0.01994645917713478
1159,0.19929149256089415
1160,0.44579942591467164
1161,0.009361016673458289
1162,0.4438937732237771
1163,0.13704132376333972
1164,0.018543470985414617
1165,0.09850300632134865
1166,0.24771949640328328
1167,0.012894514226626769
1168,0.17678052078242057
1169,0.08131954968737652
1170,0.24042378856906227
1171,0.1269782596651474
1172,-0.052439047957906854
1173,0.04449615047183522
1174,0.35865081833653234
1175,0.3379306263505022
1176,0.2549436223986684
1177,0.025396325602204478
1178,-0.024208651819417337
1179,0.15327312706119378
1180,0.09036540662121818
1181,0.5716186496641369
1182,0.06689771327760966
1183,0.7463948814214679
1184,0.5812984609154375
1185,0.18798024462283416
1186,0.16139038343155487
1187,0.250218274490699
1188,0.250344027883732
1189,0.09596336302331057
1190,0.14585728567228898
1191,-0.025448278281617026
1192,0.39582537782476857
1193,-0.0072979065931997045
1194,0.06851276024160377
1195,0.44976980405146605
1196,-0.1720046995188716
1197,0.13678912463083134
1198,0.4897602598060473
1199,0.04748466170245244
1200,0.18365791795043288
1201,-0.010441774177260721
1202,0.16196211504758934
1203,0.3936971031560062
1204,0.16972403602247105
1205,0.20357351383177347
1206,0.13828796615703742
1207,0.05390538623627683
1208,0.022682363685828044
1209,-0.023204206343869882
1210,-0.04465339605611371
1211,0.312414979094381
1212,0.08192101822582931
1213,-0.022972740462198576
1214,0.1944187827081933
1215,0.1360449928800716
1216,0.19634120962587812
1217,-0.0009401683930077565
1218,-0.010502576629547511
1219,0.04825107972852383
1220,0.6254499221763459
1221,0.21137929631582658
1222,0.11069940954686402
1223,0.08181181680598154
1224,-0.08179711570044979
1225,0.03694300332246288
1226,0.018419095078277326
1227,0.26623527368943267
1228,0.17157914155441747
1229,0.13882094502699593
1230,0.11356267011510032
1231,0.017102018786953194
1232,-0.023869346572380087
1233,0.07248106940928645
1234,0.46097127604836985
1235,0.03980892883736002
1236,0.1847111612429308
1237,0.2983863304319999
1238,0.042827757719157936
1239,0.031928832517746086
1240,0.04468543174808884
1241,0.5528392853798169
1242,0.2769703156179746
1243,0.1682666937322314
1244,0.16686736793836565
1245,0.09054795288294237
1246,-0.025861037894425176
1247,0.10520448052234993
1248,0.226734816300162
1249,0.1734353763272487
1250,0.16318060541043908
1251,0.1861925841560697
1252,0.16887717755688508
1253,0.036912718030537944
1254,0.15562439545144344
1255,0.5147772009315852
1256,0.008523499491067704
1257,-0.08250943757716132
1258,0.048086487525980715
1259,0.44887943554901555
1260,-0.01959720497084083
1261,0.05589968565347647
1262,0.15528483080300365
1263,0.12194670834589019
1264,0.22126934280285582
1265,-0.019406112152976426
1266,0.10761831428653237
1267,0.13778521683998382
1268,0.5117018311375365
1269,0.1603390836187266
1270,0.4690194739136698
1271,-0.025078768987943117
1272,0.5862283235609755
1273,0.30875854261754865
1274,0.13566019596515627
1275,0.0871362855557226
1276,0.12245661409893152
1277,0.2741315242140553
1278,-0.020489362521510956
1279,0.005989749290449431
1280,0.1329433161215514
1281,0.2945117415653066
1282,0.0037371591644127233
1283,0.5605009367977678
1284,0.20019389364113982
1285,0.06871655812112504
1286,0.1614789761713544
1287,0.03498982198328278
1288,0.015942325813047276
1289,0.19555048341093062
1290,0.8390407123633996
1291,0.39228870726056086
1292,-0.03363254674448102
1293,0.1117204521579174
1294,0.25414587680245665
1295,0.15698411709710505
1296,0.12557340535560652
1297,0.38863167243506613
1298,0.027555291351247596
1299,0.17083986481155375
1300,-0.019469040817335526
1301,0.13934097375033622
1302,0.12187935289765986
1303,0.32396076160492215
1304,0.25645063243211175
1305,-0.11710180424968021
1306,0.12366204404204029
1307,0.15740438385489453
1308,-0.02194560327824316
1309,-0.012065452399836751
1310,0.04564971746369663
1311,0.10810978978929983
1312,1.1442582202200364
1313,-0.04819434902277406
1314,0.041231968782130785
1315,0.0195463901170939
1316,0.1908774528606442
1317,0.2781573951056075
1318,0.09004593911585597
1319,0.06428780414440516
1320,0.14650141603650402
1321,0.07976497293488104
1322,0.01343294622364502
1323,0.2206309841657662
1324,0.08539727959734322
1325,0.15539844333408542
1326,0.010192994909744235
1327,0.1541404829922397
1328,0.29173718263106874
1329,0.23678932769681188
1330,0.07374126244272755
1331,0.40424901498394217
1332,0.17202324408302136
1333,0.11802374811931388
1334,0.010477322414524648
1335,0.5625040431282203
1336,0.1115136482938508
1337,0.03844583855399761
1338,0.16291838159215138
1339,-0.0008517653817492199
1340,0.08105360921697496
1341,-0.030312360813628522
1342,0.15360233323481878
1343,0.7280925938961691
1344,0.023532890865081868
1345,0.18647892537439326
1346,0.33422745447401137
1347,0.09570925124259333
1348,0.23792500584286852
1349,0.07872538724958325
1350,0.5060358769485153
1351,0.20608608275953805
1352,0.293597170752795
1353,0.12744872049405828
1354,0.2688369964584807
1355,0.27664126285582136
1356,0.04229744761199272
1357,0.17853820574434198
1358,0.5416330289657593
1359,0.1979665989338245
1360,0.28760772868628737
1361,0.25045489936424953
1362,0.06008790981644291
1363,0.12191310075626657
1364,0.322428643284759
1365,0.18695502827678562
1366,0.13031010825423678
1367,0.26110117928368226
1368,0.1398915919498032
1369,0.08553447972760476
1370,0.20764752416484147
1371,0.027208491235428345
1372,0.5061289891013208
1373,0.48928422609150957
1374,-0.010514792236099607
1375,0.08587702934937419
1376,0.41053432012323343
1377,0.2053213011189995
1378,0.10298400545153855
1379,-0.12881322680904234
1380,0.2584397817055867
1381,0.23077116249154228
1382,0.03864870650991489
1383,-0.021523191922836207
1384,0.01788458733463158
1385,0.04574205686640158
1386,0.04816468611586601
1387,0.01950028555685869
1388,0.021629907267024406
1389,0.2825363519032176
1390,0.16963575830743588
1391,0.013901495075639994
1392,0.09250870092558777
1393,0.13134474308232208
1394,0.1994951514741442
1395,0.1423346645705761
1396,0.6028241991884028
1397,0.19973649309932112
1398,0.46129978045275233
1399,0.005430043184327882
1400,0.18441678458824032
1401,0.054603355956636734
1402,0.12076892947538076
1403,0.40654584255148235
1404,0.15494855045482372
1405,0.18786406696523938
1406,0.16230706297050213
1407,0.06754671460523551
1408,0.10953798614089455
1409,0.42967171370788304
1410,0.09981907308621193
1411,0.34675941661319604
1412,0.19783862221692342
1413,-0.06148407730829346
1414,0.023929181248386333
1415,-0.07952474962520478
1416,0.03799090888387957
1417,0.32012593349199453
1418,0.05386998664670993
1419,-0.045206439646854474
1420,0.151512959884088
1421,0.21243162753308095
1422,0.005111489230831809
1423,0.24242100636027147
1424,0.4811732018768784
1425,0.38495517466398815
1426,0.027265570918942078
1427,0.5149801884629275
1428,-0.04881049756194983
1429,0.041197252440332316
1430,0.22862479215189557
1431,-0.10041771161033519
1432,-0.004597837554440987
1433,-0.0322291443101015
1434,0.13417073114358355
1435,0.2688527340940532
1436,0.051527307023745084
1437,0.24978016043367168
1438,0.10323627565341778
1439,0.16913610686576158
1440,0.04306352034988374
1441,0.054058419623439685
1442,0.0419551504254565
1443,0.023308822125054404
1444,0.0969188555569882
1445,0.13283468828013337
1446,0.02355340869452187
1447,0.18666046975387038
1448,0.01778472847759599
1449,0.27941186946623786
1450,0.22485719693810796
1451,0.18400832381495552
1452,0.2291080250018847
1453,0.005653016456461352
1454,0.15818182485234628
1455,0.5534342085042918
1456,0.14726378087620895
1457,0.1988274282012072
1458,0.19534286378762902
1459,0.11322811731058749
1460,0.2586179162744331
1461,-0.026217078047817838
1462,-0.013298662988089238
1463,0.17981673693297345
1464,-0.005943198970749103
1465,0.14385716368764442
1466,-0.10009188351937363
1467,0.21343419706657185
1468,-0.011715583316199957
1469,0.15763322311072916
1470,0.02442602411464878
1471,0.2219409646056026
1472,0.09599697873712437
1473,0.02079603641967588
1474,0.17031098516804444
1475,0.12516531748379092
1476,0.1711072451347934
1477,-0.04672587705893033
1478,0.10241764932861602
1479,0.3464573441889126
1480,-0.004025341807857942
1481,0.05138487151984396
1482,0.22053330077930577
1483,0.0013183758772054993
1484,0.002962241365648488
1485,-0.024764219218326666
1486,0.020648864883101414
1487,0.08341561201243589
1488,-0.08171580879196905
1489,0.15661754032316444
1490,0.14704730490676918
1491,0.022646815718482316
1492,0.23282571549588627
1493,0.12830377201513582
1494,0.39968207713717374
1495,-0.014051242334003289
1496,-0.02371418729455399
1497,0.06807637829420869
1498,0.25323263279727126
1499,-0.02672309274788756
1500,0.1393593626737971
1501,0.25326522037641774
1502,0.22656274232217916
1503,-0.055873051782903665
1504,0.1670887489912393
1505,-0.006850337889156816
1506,-0.06494390471250974
1507,-0.012184372694913126
1508,0.06733185469720403
1509,0.3139467583539004
1510,0.16476633837957344
1511,0.221434184613298
1512,-0.024512627746018145
1513,0.15028996191563773
1514,0.10786969612732775
1515,0.09429651276375116
1516,0.020584706978949596
1517,0.0739443931154484
1518,0.3508494696632394
1519,-0.03148764761236922
1520,0.018191286139884286
1521,0.18674252316922063
1522,0.6392609568751886
1523,0.09674437975834982
1524,0.20658725440169046
1525,0.6989459493062259
1526,0.13674930868799012
1527,0.3145630656420486
1528,0.019115031258622628
1529,0.317891781216972
1530,0.11504738902471756
1531,0.034594993171892935
1532,-0.055017108755659155
1533,0.02205764213854587
1534,0.30474057031585544
1535,0.13814275690812666
1536,0.38766713604868697
1537,0.1198622241603152
1538,0.5453349864237789
1539,0.2623289821416877
1540,0.09978963717486025
1541,0.5198171873717963
1542,0.31363602642251565
1543,0.24671269117752342
1544,0.08195114211710472
1545,0.3264201828366756
1546,0.3126827049692623
1547,0.23324771021798685
1548,0.28807206992606804
1549,-0.0542830881703035
1550,0.07761012150064611
1551,0.07692544501389009
1552,0.2121120828479942
1553,0.18086926338293938
1554,0.1353324925002643
1555,0.2028617673506643
1556,-0.012345260326177374
1557,0.1993999436123433
1558,0.1121330317307378
1559,0.12029826924978732
1560,0.32466237541228826
1561,0.1556675949652135
1562,0.35254253086901594
1563,0.2746821137340032
1564,0.1656390131067884
1565,0.01832154584166293
1566,0.07815785768184802
1567,-0.14613807841985088
1568,0.03861210597585103
1569,0.23068138595201915
1570,0.20166370295485286
1571,0.037272104453722615
1572,0.098268528092403
1573,0.07972370169855189
1574,0.12781851388210536
1575,0.3167157727094991
1576,-0.04038515224818287
1577,0.15062878872885516
1578,-0.0031660621475791684
1579,-0.029462573324739866
1580,0.06921558457267574
1581,0.21115455566196345
1582,0.2296594234514988
1583,0.14766900993774373
1584,0.04702659614419866
1585,0.009970003820662682
1586,0.34033600840794365
1587,0.10101196271208329
1588,0.07107843925630174
1589,0.034070883469130175
1590,0.08261715421046964
1591,0.09664707076709023
1592,0.08467147664364712
1593,0.3086088356986143
1594,0.10913353893978342
1595,0.11185629064042338
1596,0.016379112696199793
1597,0.1540226249281274
1598,0.14450308551694213
1599,-0.023941196197119458
1600,0.08745078654051663
1601,0.07127859890224064
1602,0.40061130584303584
1603,-0.015931894685218176
1604,0.148929765531165
1605,0.002221453673935822
1606,0.17038517008877782
1607,0.02164014176791787
1608,0.030932504177895614
1609,0.42158093752954695
1610,-0.020621309883870148
1611,-0.03381386804620559
1612,0.042942737492538796
1613,0.20661013892865956
1614,0.039555467533260266
1615,-0.029761486952837674
1616,0.002668265456696628
1617,0.22863485694102448
1618,0.06306139410913209
1619,0.23698759574465128
1620,0.04807604744532104
1621,0.28313318625619655
1622,0.0042667818197439575
1623,0.11549665933104594
1624,0.18640706499720047
1625,0.24511556863149836
1626,0.14010574257309724
1627,0.28958452078617825
1628,0.24132355540025774
1629,0.0705313112438391
1630,-0.01851703454511383
1631,-0.011221492112654857
1632,0.34874456505985246
1633,0.13040655450590058
1634,0.17862271733233046
1635,0.09580532003412862
1636,-0.12461388472911167
1637,-0.0025124656747457785
1638,-0.015197385748489847
1639,0.027091444977867266
1640,0.4602207077655938
1641,-0.009001257308106303
1642,0.2103152974671445
1643,0.8103036159244997
1644,0.03956555695349952
1645,0.1916467562249964
1646,0.1710159440431348
1647,0.018480667406055043
1648,0.10502037753407648
1649,-0.02300734671705229
1650,0.12865295845901992
1651,0.23494369348176325
1652,0.2310505126417718
1653,0.1775906147506982
1654,0.040686986533151004
1655,0.10700754174239605
1656,0.06830600528787545
1657,0.1387846840553677
1658,0.17836865301687013
1659,-0.07977818810206602
1660,0.1610306238708718
1661,0.28871048475918026
1662,0.14966476555411726
1663,0.23017139089606425
1664,0.2891643196559834
1665,0.0013174966333809046
1666,0.44999221037129866
1667,0.09864762704792007
1668,-0.01677876104815465
1669,0.2373395832478068
1670,-0.03744794337120863
1671,-0.06781786088635364
1672,0.3662704435352999
1673,0.04342039461659382
1674,0.0701898043174045
1675,-0.09037833871537057
1676,0.3024660795179708
1677,-0.0419574081671361
1678,0.015628494563090706
1679,0.18156860281841683
1680,-0.06140783516052735
1681,0.19163552314196605
1682,0.1331978340517659
1683,0.3173734411536099
1684,0.048991893172093584
1685,0.5696951375340189
1686,0.177731967261715
1687,-0.023923926096305448
1688,0.17247542192163284
1689,0.556037229105813
1690,0.06856206569979872
1691,0.14171115913191754
1692,-0.0771113343257796
1693,0.068039795897477
1694,0.0633075284576534
1695,0.12189667781664704
1696,0.4196784963285852
1697,0.16090598331799713
1698,0.11154258200940867
1699,0.023659383257698424
1700,0.03773528809617703
1701,0.1468051982441182
1702,0.03451302589666565
1703,-0.05103601557474688
1704,0.0829812211070104
1705,0.0899157400814656
1706,0.11968782579023585
1707,0.0472912412440184
1708,0.2705422245416773
1709,0.20105976627772468
1710,0.19779867415728816
1711,0.12827363286082594
1712,0.1474744105268985
1713,0.11677473375521347
1714,0.2710132041262286
1715,0.08616566866902384
1716,0.06914046549569354
1717,0.00015183017392488007
1718,-0.004356740888772276
1719,0.09371777120240858
1720,0.14659472669382717
1721,0.11300815934286682
1722,0.14597710450670226
1723,-0.07845298606861986
1724,0.050743980067068414
1725,0.011083298244732032
1726,0.08272777772213345
1727,-0.01675010432959026
1728,0.08829597382293404
1729,0.23122656942105035
1730,0.30384350887602285
1731,0.17923195137144765
1732,-0.1754696083663534
1733,0.0103230857018555
1734,0.22909321648024855
1735,-0.004106545765222569
1736,0.06507513743803314
1737,0.37427229269767437
1738,0.49369970349271286
1739,-0.07162105900780671
1740,0.007166118155007839
1741,0.4589863901091764
1742,0.1379336729075625
1743,0.5432368185678059
1744,0.2961964076239731
1745,0.0001298021965698004
1746,0.18028142476496187
1747,0.09519554641574951
1748,0.17294469761563772
1749,-0.0032259823269077115
1750,0.06926117929003514
1751,0.30873912765375744
1752,0.08284873077594153
1753,0.2107877643974348
1754,0.013088318853067993
1755,-0.0012430687466808213
1756,0.09247918884358777
1757,-0.011553906151967469
1758,0.05855837354264541
1759,0.1091656954966716
1760,0.25861365880487486
1761,0.09862149129466685
1762,0.13767021288854764
1763,0.2074549757816156
1764,0.3702237339186184
1765,0.045578514670014
1766,0.3329052432622638
1767,0.0029783378511713116
1768,0.2588708291996189
1769,0.45500180062023465
1770,0.27449916586526973
1771,-0.01928130822671162
1772,0.19494582408398292
1773,0.0014073959831591154
1774,0.21938194584347273
1775,0.4061773496359104
1776,0.1399382096153323
1777,-0.010554673515941915
1778,0.515763626615945
1779,-0.013014503592675614
1780,-0.04208787981908402
1781,0.3957799918480026
1782,0.3655156466712244
1783,-0.16720474359046786
1784,0.10374057803873951
1785,0.3700584935061286
1786,0.043388799578781306
1787,0.3101996009175265
1788,-0.008973629952194084
1789,0.5772981390380443
1790,0.1513663409241479
1791,-0.021563248976252447
1792,0.10127655773199234
1793,0.08346455627178624
1794,-0.037900271581326944
1795,0.20182864321346422
1796,0.27001219528898646
1797,0.1817176435368093
1798,0.10453272988921314
1799,0.11259965965392812
1800,0.15643566317237695
1801,0.11968091876828943
1802,0.006082731893398113
1803,0.12547059321466403
1804,0.24846712061836662
1805,0.05899026289686708
1806,0.06105446468073103
1807,0.25771850958719783
1808,0.22582091005467564
1809,0.2657835566899995
1810,-0.03963364756946866
1811,0.34956274385418695
1812,0.3723091430751985
1813,0.04488696912642817
1814,0.28279919968962397
1815,0.4464405025054813
1816,0.1787317155073157
1817,0.20143125414219876
1818,-0.038933450661125135
1819,0.13296517763567453
1820,0.1123908024976007
1821,0.16481410040355185
1822,0.07431910821644505
1823,0.47718209921559906
1824,0.06088586287895538
1825,0.07192344268137094
1826,0.2749032586684534
1827,0.3084559039761129
1828,0.2661980295177092
1829,0.19528497154078306
1830,0.31450103351513686
1831,0.3261087489497186
1832,0.10424115554801658
1833,-0.16095129892363608
1834,0.05741450942626214
1835,0.18167308002192678
1836,0.12064821764292655
1837,0.19368403941715398
1838,0.13376523313526562
1839,0.14402557014210882
1840,0.16556534579699828
1841,-0.007687642880938206
1842,0.12327614902047632
1843,0.34714044837083546
1844,0.18171446032688865
1845,0.10464499140542441
1846,0.21275316662127974
1847,0.18479021132942391
1848,0.03231195811404171
1849,0.04885805923974672
1850,0.08082248937318365
1851,0.11521916452791026
1852,-0.03586305032155966
1853,0.15549299837025843
1854,0.13822665569390394
1855,0.19288050598658013
1856,0.10194509514602379
1857,0.0003751340853188484
1858,0.01276728484825565
1859,0.08831654277264905
1860,0.0361471304689356
1861,0.0665194151273436
1862,0.007854625419002753
1863,0.17998635977001887
1864,-0.06529759909488883
1865,0.06642251133106909
1866,0.2788807308609019
1867,0.06532365344046759
1868,0.10623243752274653
1869,0.3123578190892661
1870,0.13277206376711398
1871,0.2369100026897507
1872,0.08003736094135283
1873,0.2967660937236085
1874,0.14999284234968416
1875,0.29834128660408843
1876,-0.008966609206941895
1877,-0.012199364484310138
1878,-0.026311178186174955
1879,-0.09879074628222462
1880,-0.04298417011651107
1881,0.048842174007536765
1882,0.07835166892383492
1883,0.03827967698819401
1884,0.18477962290716213
1885,-0.0028897166633916893
1886,0.2015135370082355
1887,0.2111201703939346
1888,0.05678769116564707
1889,0.11778303695747666
1890,0.020848504664291223
1891,0.020965827517752528
1892,0.16322133617611287
1893,0.4899403064216863
1894,0.05015337485446164
1895,0.11744892304986138
1896,-0.044748872348076923
1897,0.059924930564937
1898,0.2801218734710387
1899,0.19804692423457487
1900,0.09429308264449311
1901,-0.02214296942781939
1902,0.0662938626694415
1903,0.00021398123603719177
1904,0.1642350927192321
1905,0.18471466457130814
1906,-0.005100599715162996
1907,-0.015042979476754925
1908,0.034903936875184643
1909,0.027959174430122496
1910,0.07210384701483208
1911,0.006750474656394834
1912,0.18632612022829975
1913,0.2661662821212948
1914,0.3652533918780497
1915,0.09395462547010372
1916,-0.057175389461641114
1917,0.06408499322144558
1918,0.15330042888133058
1919,-0.0238687850723783
1920,-0.023126349626829495
1921,0.13862811364097027
1922,-0.022182788918477914
1923,0.27054303950424385
1924,0.057503618737083456
1925,0.06702348050946336
1926,-0.0727155412061195
1927,0.12661978893900627
1928,-0.003107057427433585
1929,0.01655368224197508
1930,0.37313597888668504
1931,0.13591246445841113
1932,0.185074554874753
1933,0.16630784004095123
1934,0.4657451960136416
1935,0.12242493068646693
1936,0.30854993507185474
1937,0.23353443448201766
1938,0.276691126383316
1939,0.5601275131353876
1940,0.078470573739512
1941,0.22859337358476012
1942,0.18978702072157097
1943,0.12824628249270137
1944,0.0084624664575262
1945,0.08605112678954555
1946,0.0717804777472581
1947,0.20302480243008844
1948,0.08567873755808988
1949,0.232366572051797
1950,0.0007859533494787019
1951,0.24547248456688042
1952,0.12069759366497604
1953,0.09130486030499184
1954,0.3899403871612098
1955,-0.03905487964093038
1956,-0.003727244481554731
1957,0.021826590852606853
1958,0.028790231171907682
1959,0.13449314093391534
1960,0.3666788759088651
1961,0.04978058040820835
1962,0.2099842093796073
1963,0.3503922222194087
1964,0.03224550803914007
1965,0.15836127454839682
1966,0.07775575252816949
1967,0.03783415243827054
1968,0.05967144500190376
1969,0.08014663663777526
1970,0.03452551569959239
1971,0.011756527823285984
1972,0.16671712636963582
1973,0.01811896791197848
1974,-0.0200166170401391
1975,0.2863838496939471
1976,0.26511613923014093
1977,0.009371589105307637
1978,-0.010487708401499748
1979,0.08047222835625523
1980,0.1590951172023693
1981,0.0005902505835480854
1982,-0.02453142146656309
1983,0.11080757117099532
1984,0.15968605313175088
1985,0.1120727414231854
1986,0.10541857072628141
1987,0.1479680502885391
1988,0.0009897692809462122
1989,0.05915159120974234
1990,0.2396428406305114
1991,0.48416407491266944
1992,0.09570986596705322
1993,0.03163522937507901
1994,0.4090955247002641
1995,0.24759977658726473
1996,0.3213005110771884
1997,0.042818795546927996
1998,0.14184578296315326
1999,0.07218420218778064
